{
  "train_loss": [
    0.5752694622943642,
    0.06273416944202923,
    0.047654004136800134,
    0.04383859443404372,
    0.04209728141822828,
    0.04008757763557018,
    0.03973398435486372,
    0.03920835740470066,
    0.03802431525573844,
    0.0393007415095492,
    0.03725342609224811,
    0.03646565592359929,
    0.036287948055557476,
    0.03591861410273446,
    0.03470107199496062,
    0.0352740057955974,
    0.03411980566603166,
    0.03350148840792595,
    0.03289240063537681,
    0.03323408376386083,
    0.03305662756480237,
    0.03207857052366885,
    0.03140877812075867,
    0.03117690639442237,
    0.030799606795269975,
    0.031302987129757646,
    0.030915165615696755,
    0.029956145497856947,
    0.030379223036111663,
    0.029956264347429314,
    0.029887418361213156,
    0.029767072419562036,
    0.030260720285315994,
    0.029043140998553662,
    0.027214188340597998,
    0.026819874498027342,
    0.02667083591222763,
    0.026084200809241603,
    0.02691326866409293,
    0.026405871387511964,
    0.026007447381893162,
    0.025851778656480803,
    0.025896012921024253,
    0.024433466260907827,
    0.02512252464811638,
    0.02442909005497183,
    0.024254541238030745,
    0.02477960170754207,
    0.024252416083106288,
    0.02429868248365228,
    0.02379398133172087,
    0.024085590256151382,
    0.023577095502149807,
    0.02375020359263376,
    0.023729078895437024,
    0.023700098802764264,
    0.02380686042899335,
    0.02363917227124884,
    0.02324871867205258,
    0.02383041268500386,
    0.02332722258670305,
    0.023295439055396452,
    0.023024174394628043,
    0.022883032566852986,
    0.02221254552049296,
    0.022617284592891498,
    0.022310070772335013,
    0.02264439909369069,
    0.022203256060719174,
    0.022165112113629384,
    0.02232247272200843,
    0.02201166617432757,
    0.022227588814323542,
    0.022036712936978176,
    0.021776205791091477,
    0.02158012593943606,
    0.021753937355858625,
    0.02184763012168111,
    0.021734733765245116,
    0.021823486939033188,
    0.021455609722545853,
    0.021709337283576293,
    0.021635218025751846
  ],
  "val_loss": [
    0.09860838220144312,
    0.04389888273241619,
    0.04107473596620063,
    0.03660864107465992,
    0.038918237977971636,
    0.03520728147123009,
    0.034745618662176035,
    0.037552898904929556,
    0.05554969344908992,
    0.03467383546133836,
    0.030397240150098998,
    0.050276200752705336,
    0.028337356828463573,
    0.0331143937073648,
    0.0301111238465334,
    0.029681756316373747,
    0.028739635832607746,
    0.03298376104794443,
    0.02581966439417253,
    0.07782685485047598,
    0.026425102764430147,
    0.027514964031676453,
    0.025410384211378794,
    0.02586070424877107,
    0.03927573328837752,
    0.026956345265110333,
    0.03225058402555684,
    0.02482855929216991,
    0.025744117291954655,
    0.029265494978365798,
    0.03185490472242236,
    0.025614412307428818,
    0.02544378659998377,
    0.025347332159678142,
    0.02222318310911457,
    0.02609981344236682,
    0.020628393899338942,
    0.025384694919921458,
    0.023040242687178154,
    0.025336019733610254,
    0.024273809976875782,
    0.02189736095412324,
    0.023807043946969014,
    0.023851729502590995,
    0.020194174721837044,
    0.021139764110557735,
    0.0203066577281182,
    0.02009160494587074,
    0.02118581273437788,
    0.02056772025146832,
    0.020435179816558957,
    0.02044819842558354,
    0.019542694945509236,
    0.021457213947239023,
    0.019743505399674177,
    0.02141066314652562,
    0.019200172236499686,
    0.021355968861219782,
    0.02151388015287618,
    0.021312820453507204,
    0.02096094307489693,
    0.019510233697171014,
    0.021259936620481312,
    0.019781940112200875,
    0.01887466700281948,
    0.019102315651252866,
    0.020419121991532545,
    0.01996530037528525,
    0.019543768760437768,
    0.020043625263497233,
    0.021735658248265583,
    0.01900314531909923,
    0.018711450315701466,
    0.020174663436288636,
    0.01912974356673658,
    0.019193669393037755,
    0.01972525256375472,
    0.0194515041851749,
    0.019307438711014886,
    0.020905063371174037,
    0.019542907636302214,
    0.019700827775523067,
    0.01986513372200231
  ]
}