{
  "overall": {
    "mae_overall": 12.684541702270508,
    "smape_overall": 14.13127326965332,
    "mae_inflow": 12.646683692932129,
    "mae_outflow": 12.722395896911621,
    "smape_inflow": 14.068323135375977,
    "smape_outflow": 14.194220542907715
  },
  "subgroups": {
    "weekend": {
      "count": 68,
      "mae": 11.594451904296875,
      "smape": 15.058870315551758
    },
    "weekday": {
      "count": 169,
      "mae": 13.123159408569336,
      "smape": 13.758034706115723
    },
    "regular": {
      "count": 237,
      "mae": 12.684541702270508,
      "smape": 14.13127326965332
    },
    "rainy": {
      "count": 42,
      "mae": 12.029293060302734,
      "smape": 13.05225944519043
    },
    "sunny": {
      "count": 195,
      "mae": 12.825675010681152,
      "smape": 14.363676071166992
    }
  }
}