{
  "overall": {
    "mae_overall": 12.030016899108887,
    "smape_overall": 14.20308780670166,
    "mae_inflow": 11.991519927978516,
    "mae_outflow": 12.068516731262207,
    "smape_inflow": 14.140412330627441,
    "smape_outflow": 14.265769958496094
  },
  "subgroups": {
    "weekend": {
      "count": 68,
      "mae": 11.195096015930176,
      "smape": 15.583051681518555
    },
    "weekday": {
      "count": 178,
      "mae": 12.348976135253906,
      "smape": 13.675914764404297
    },
    "regular": {
      "count": 246,
      "mae": 12.030016899108887,
      "smape": 14.20308780670166
    },
    "sunny": {
      "count": 246,
      "mae": 12.030016899108887,
      "smape": 14.20308780670166
    }
  }
}