{
  "train_loss": [
    0.13707064044853998,
    0.04930168435608268,
    0.0459999785260864,
    0.04600565872652821,
    0.041148870158447794,
    0.04018037415370739,
    0.03792528118248339,
    0.03999608234753684,
    0.03839775226103566,
    0.037950504640186275,
    0.03680337064717182,
    0.03554854191169537,
    0.03622394465107136,
    0.033433721415580264,
    0.03389625781506458,
    0.035585335312933515,
    0.03326126336854286,
    0.03279324765834543,
    0.03287402371920291,
    0.03301048891806098,
    0.03412874556447148,
    0.032679893441064645,
    0.03266413383698337,
    0.03255881368128396,
    0.030816112728740172,
    0.033002195229369494,
    0.03097360498375363,
    0.029875870222452458,
    0.02927710809227493,
    0.029792388901114464,
    0.030856645799108913,
    0.03133221899982167,
    0.029140356455057387,
    0.030503015723769313,
    0.03060923388631886,
    0.03087874392550143,
    0.027286428278164257,
    0.02602867032623007,
    0.027050229804541068,
    0.025990527438581306
  ],
  "val_loss": [
    0.040370693197473884,
    0.07911886546450357,
    0.06211081504200896,
    0.03450640539328257,
    0.03377477145598581,
    0.03341705243413647,
    0.032627515805264316,
    0.030694659217260778,
    0.03424890750708679,
    0.032155645972428225,
    0.043417563855958484,
    0.04540735972113907,
    0.027878458068395656,
    0.028310676881422598,
    0.0373471820106109,
    0.0287533444352448,
    0.028201171779073775,
    0.03228698670864105,
    0.02522409028218438,
    0.025936275526570778,
    0.024428195397680003,
    0.023670378141105175,
    0.029735876868168514,
    0.028037368164708216,
    0.027111190953291953,
    0.02529850765131414,
    0.02745692408643663,
    0.023345411522313952,
    0.025691276804233592,
    0.02292943086164693,
    0.023139254772104323,
    0.02524008621306469,
    0.024683989817276597,
    0.025364307841906946,
    0.02769917141025265,
    0.027785937146594126,
    0.024365458521060646,
    0.024319882155396044,
    0.023321271679985028,
    0.02376486229089399
  ]
}