{
  "train_loss": [
    0.13613078398378314,
    0.038799073308001496,
    0.034372839384485744,
    0.028719166407009233,
    0.027788246440625674,
    0.02837232913117151,
    0.024886387601696158,
    0.024995731353457715,
    0.02408667828736676,
    0.024139249772840255,
    0.023354635290751182,
    0.022090082151211193,
    0.023400327568320004,
    0.021002459824336944,
    0.022446182921428134,
    0.02045921320599076,
    0.021743454290805635,
    0.020496267290483858,
    0.020119400481013832,
    0.01967833494465496,
    0.019079746659593406,
    0.019812618942327193,
    0.01895205704872874,
    0.019251895709768742,
    0.019412797573651816,
    0.016692592271578474,
    0.01661329942981939,
    0.016756668831599323,
    0.0165476297292657,
    0.015794908338402573,
    0.016630566106303722,
    0.015233834368503979,
    0.01541328092256712,
    0.01495969485541856,
    0.014379667936245332,
    0.014280515496392508,
    0.014202017727232463,
    0.01471742058827265,
    0.01456297140543324,
    0.014271489608831503,
    0.014607314964303293,
    0.014496279697915589,
    0.014967551461194415,
    0.014428749139345175,
    0.014472787727828364,
    0.013747311002146956,
    0.013385100894280383,
    0.013211853242152044,
    0.013384961548286516,
    0.013638302325145216,
    0.013715293384282975,
    0.013312491953272271,
    0.013141600767502913,
    0.013156958547345287,
    0.013643853165007927,
    0.013126828525265729,
    0.01311212421923473,
    0.013233626437549656,
    0.01320768691398002,
    0.013205776928697486,
    0.012944847641110018,
    0.012604318666146011,
    0.01290106329739698,
    0.012573168071842677
  ],
  "val_loss": [
    0.03699692711234093,
    0.04693233780562878,
    0.03070023646088023,
    0.0307730121636077,
    0.034192629207513835,
    0.02630080861088477,
    0.04507569762829103,
    0.024530497673702866,
    0.023115569970717554,
    0.029394632009299176,
    0.021906711847374315,
    0.027356751557243496,
    0.021742052594689948,
    0.0902336628029221,
    0.0212348780937885,
    0.018841995220435292,
    0.02646842206779279,
    0.022601095469374406,
    0.01855507576347966,
    0.020361947876058127,
    0.021034993721466316,
    0.022101121513467086,
    0.019510226814370406,
    0.024956355459595982,
    0.019906771614363317,
    0.01659514691288534,
    0.017145902261530097,
    0.019176321202202848,
    0.01837429958150575,
    0.021622904674395135,
    0.019360353631016455,
    0.022741500043163176,
    0.017648645774706415,
    0.01639694539143851,
    0.017359438548354728,
    0.017067018896341324,
    0.016956989016187817,
    0.017803409430933625,
    0.015674894381510585,
    0.01728328386027562,
    0.016107979916820402,
    0.01790344827857457,
    0.016876461719603914,
    0.017064444573694153,
    0.01644833704554721,
    0.015576335895610484,
    0.016196300030538912,
    0.016057875889696573,
    0.01552744043108664,
    0.016701166370981617,
    0.015095200340606664,
    0.015103109720114031,
    0.016210480348060007,
    0.014745793354354407,
    0.014841748401522636,
    0.015380009910777995,
    0.015411441263399626,
    0.015965774802393036,
    0.015630095412856655,
    0.016343847603390093,
    0.015762387284714924,
    0.015188302452626982,
    0.01587775501569635,
    0.016222149035648295
  ]
}