{
  "overall": {
    "mae_overall": 12.775734901428223,
    "smape_overall": 13.842049598693848,
    "mae_inflow": 12.743369102478027,
    "mae_outflow": 12.80809497833252,
    "smape_inflow": 13.793513298034668,
    "smape_outflow": 13.890589714050293
  },
  "subgroups": {
    "weekend": {
      "count": 92,
      "mae": 10.899589538574219,
      "smape": 13.863595962524414
    },
    "weekday": {
      "count": 204,
      "mae": 13.621838569641113,
      "smape": 13.8323335647583
    },
    "holiday": {
      "count": 58,
      "mae": 14.109930992126465,
      "smape": 17.873802185058594
    },
    "regular": {
      "count": 238,
      "mae": 12.450592041015625,
      "smape": 12.85952377319336
    },
    "rainy": {
      "count": 128,
      "mae": 13.435572624206543,
      "smape": 13.158902168273926
    },
    "sunny": {
      "count": 168,
      "mae": 12.272997856140137,
      "smape": 14.362545013427734
    }
  }
}