{
  "overall": {
    "mae_overall": 12.039807319641113,
    "smape_overall": 14.107108116149902,
    "mae_inflow": 12.002589225769043,
    "mae_outflow": 12.077024459838867,
    "smape_inflow": 14.039522171020508,
    "smape_outflow": 14.174692153930664
  },
  "subgroups": {
    "weekend": {
      "count": 68,
      "mae": 10.96269702911377,
      "smape": 15.525360107421875
    },
    "weekday": {
      "count": 178,
      "mae": 12.451288223266602,
      "smape": 13.565301895141602
    },
    "regular": {
      "count": 246,
      "mae": 12.039807319641113,
      "smape": 14.107108116149902
    },
    "sunny": {
      "count": 246,
      "mae": 12.039807319641113,
      "smape": 14.107108116149902
    }
  }
}