{
  "train_loss": [
    0.7954112495911323,
    0.1490462489299855,
    0.047275379331687746,
    0.03904499833361577,
    0.03839810727700844,
    0.03776160667066352,
    0.03697741104258319,
    0.036235747401113225,
    0.03547225210626247,
    0.03383615126801749,
    0.03361597903451677,
    0.03323657471307759,
    0.0334278831605689,
    0.03152839724227029,
    0.03259573932105707,
    0.0326672579809013,
    0.030894750342467577,
    0.03142899349805409,
    0.030540637529881325,
    0.0306968533954883,
    0.029774656250946604,
    0.03013592006607076,
    0.02961124729175689,
    0.029563357453730146,
    0.02896831217774395,
    0.02872899891335075,
    0.02719142905168109,
    0.02737128915328343,
    0.027054876002277864,
    0.027760520167017386,
    0.025985465582333885,
    0.02706765571325007,
    0.02618472274961108,
    0.024518526380218692,
    0.02401803354180213,
    0.024470086809310874,
    0.024668498761888782,
    0.023293686904392,
    0.022825188011373,
    0.023664720624811567,
    0.023467209016493823,
    0.023070482371406534,
    0.022536884559223713,
    0.022545594722032547,
    0.022455050610005856,
    0.022503620794958483,
    0.022718758495934938,
    0.02270161853787505,
    0.02250230961905445,
    0.02234352875690339,
    0.022355757835242202,
    0.022208084754835246,
    0.020961448794893794,
    0.020651290429977036,
    0.020691115219714278,
    0.020493278942875944
  ],
  "val_loss": [
    0.3767555276552836,
    0.05679860586921374,
    0.07192594558000565,
    0.043478988607724506,
    0.04025872064133485,
    0.03429922771950563,
    0.04149036537855864,
    0.031587061223884424,
    0.03765518181025982,
    0.03229764426747958,
    0.03600408844649792,
    0.030091887774566808,
    0.028435940481722356,
    0.03143605440855026,
    0.0278455779577295,
    0.02753027870009343,
    0.02724837400019169,
    0.03036091842999061,
    0.028070475657780966,
    0.026355477484563985,
    0.025147610033551853,
    0.027073423191905022,
    0.0432889524847269,
    0.02676744672159354,
    0.025980620334545772,
    0.027262882391611735,
    0.02403577963511149,
    0.024687332039078077,
    0.034587946409980454,
    0.028273857881625494,
    0.0514225239555041,
    0.02987604873875777,
    0.025037419113020102,
    0.02404597947994868,
    0.029631203413009642,
    0.024649712815880777,
    0.02187347859144211,
    0.0237855426967144,
    0.023298692579070728,
    0.021669611893594266,
    0.022261859538654487,
    0.02124506657322248,
    0.021766806828478973,
    0.022813890253504117,
    0.024906136033435663,
    0.020597622419397037,
    0.021545082703232764,
    0.021383360462884107,
    0.034310606742898625,
    0.026713864753643672,
    0.022766152334709962,
    0.021429172282417617,
    0.020901455730199813,
    0.021264272555708886,
    0.021338175361355145,
    0.02213912773877382
  ]
}