{
  "overall": {
    "mae_overall": 12.54951286315918,
    "smape_overall": 13.196663856506348,
    "mae_inflow": 12.513360977172852,
    "mae_outflow": 12.585661888122559,
    "smape_inflow": 13.154495239257812,
    "smape_outflow": 13.238835334777832
  },
  "subgroups": {
    "weekend": {
      "count": 68,
      "mae": 11.937177658081055,
      "smape": 14.392489433288574
    },
    "weekday": {
      "count": 169,
      "mae": 12.79589557647705,
      "smape": 12.715506553649902
    },
    "regular": {
      "count": 237,
      "mae": 12.54951286315918,
      "smape": 13.196663856506348
    },
    "rainy": {
      "count": 42,
      "mae": 11.988677024841309,
      "smape": 12.673600196838379
    },
    "sunny": {
      "count": 195,
      "mae": 12.670308113098145,
      "smape": 13.309327125549316
    }
  }
}