{
  "overall": {
    "mae_overall": 11.965415954589844,
    "smape_overall": 13.585123062133789,
    "mae_inflow": 11.92223072052002,
    "mae_outflow": 12.008594512939453,
    "smape_inflow": 13.513445854187012,
    "smape_outflow": 13.6568021774292
  },
  "subgroups": {
    "weekend": {
      "count": 68,
      "mae": 10.876351356506348,
      "smape": 15.479828834533691
    },
    "weekday": {
      "count": 178,
      "mae": 12.381460189819336,
      "smape": 12.86130428314209
    },
    "regular": {
      "count": 246,
      "mae": 11.965415954589844,
      "smape": 13.585123062133789
    },
    "sunny": {
      "count": 246,
      "mae": 11.965415954589844,
      "smape": 13.585123062133789
    }
  }
}