{
  "train_loss": [
    0.7696738555663969,
    0.1241838660363744,
    0.04430003314301735,
    0.03836267203758887,
    0.03638547178872717,
    0.03802166496047644,
    0.03711596040464029,
    0.036054513545903735,
    0.03481264809161667,
    0.03426844873503456,
    0.03283967442689388,
    0.03233048549997128,
    0.0315733452032252,
    0.03099722348577608,
    0.03089630796112181,
    0.03078847125596632,
    0.030082928259077112,
    0.02950758315865102,
    0.029202656078387082,
    0.029511415376895812,
    0.02912286596327293,
    0.02762720741452725,
    0.028310975877613557,
    0.027743111281254427,
    0.02713431851044903,
    0.02597663421335259,
    0.026009766551537243,
    0.0266564662712134,
    0.026197864757320746,
    0.02456116003961098,
    0.024575257476994662,
    0.0247677801918935,
    0.024199974791305822,
    0.02449296411823451,
    0.023424131386890645,
    0.023568172878547896,
    0.02335307256477635,
    0.02269910590920022,
    0.02232442273781067,
    0.02257115840608996,
    0.02194509035869827,
    0.02084074339004067,
    0.020092288433475707,
    0.01986285701121499,
    0.01969686709344387,
    0.019574463700618203,
    0.019760839088358045,
    0.01905044239408117,
    0.019912009278872635,
    0.01920103609592207,
    0.01919392255566469,
    0.019722346822178462,
    0.01857496658718683,
    0.018736163366252813,
    0.01882184443737918,
    0.019116003755328615,
    0.018575376990001377,
    0.018895268470533494,
    0.018271072199795305,
    0.018115396005654236,
    0.017286715052295024,
    0.017239112331251787,
    0.017339999136340812,
    0.01742225852832804,
    0.01731127608052599,
    0.01738993034554206,
    0.017368719670770128,
    0.017074633011124968,
    0.01705956779329515,
    0.016967620579450112,
    0.016853116990286646,
    0.016680663648417325,
    0.016650250976587216,
    0.0167196901075966,
    0.016837271907162374,
    0.01669613039499618,
    0.016622713077964823,
    0.016686307084633083,
    0.01650564408883816,
    0.01652738104415376,
    0.016637103109643225,
    0.01659210962129802,
    0.016455788074470148,
    0.016427256431945456,
    0.016560110271098168,
    0.016397819589308606,
    0.016450096784931856,
    0.016302805030491294,
    0.016315042949849513,
    0.016134005781959712,
    0.01625548565866259
  ],
  "val_loss": [
    0.30469343438744545,
    0.09391619125381112,
    0.04206809599418193,
    0.04247139662038535,
    0.039856778690591455,
    0.0379101678263396,
    0.038699181750416756,
    0.045156489592045546,
    0.036182512529194355,
    0.03748018748592585,
    0.03459793294314295,
    0.03654692624695599,
    0.03294317686231807,
    0.03427212277892977,
    0.03424246306531131,
    0.03531872562598437,
    0.03240642067976296,
    0.03335471113678068,
    0.03548320534173399,
    0.056446704431436956,
    0.03085364797152579,
    0.03596519655548036,
    0.030350287852343172,
    0.030938408221118152,
    0.028543210355564952,
    0.027598052634857595,
    0.029016164364293218,
    0.03450384782627225,
    0.03330895211547613,
    0.025111257506068796,
    0.028415100881829858,
    0.025526293902657926,
    0.029299515997990966,
    0.029072081786580384,
    0.023855191888287663,
    0.0626593753695488,
    0.02477150410413742,
    0.031219564261846244,
    0.05142342473845929,
    0.027923014131374657,
    0.045670025050640106,
    0.025211719912476838,
    0.02443679323187098,
    0.02286555402679369,
    0.024695994739886373,
    0.023139486962463707,
    0.023135321796871722,
    0.027780014439485967,
    0.022447992058005184,
    0.021576802188064903,
    0.025198412651661783,
    0.021492158994078636,
    0.025898447260260582,
    0.021449455758556724,
    0.022467254078947008,
    0.023011107987258583,
    0.03003932419233024,
    0.030099760624580085,
    0.02615629497449845,
    0.02436207653954625,
    0.02136477449676022,
    0.020823552389629185,
    0.021512815030291677,
    0.021629249211400747,
    0.02093925914959982,
    0.020837496500462294,
    0.021763055061455816,
    0.024523325846530497,
    0.02066335320705548,
    0.02088135073427111,
    0.021194170985836536,
    0.021284479880705476,
    0.020703217247501016,
    0.020605221390724182,
    0.020473113283514977,
    0.022902344178874046,
    0.020333423919510096,
    0.020411986275576055,
    0.02147820359095931,
    0.021318892249837518,
    0.02028921077726409,
    0.021148239844478667,
    0.02094444597605616,
    0.02047542156651616,
    0.020513204333838075,
    0.022243086306843907,
    0.020903159165754914,
    0.02077336423099041,
    0.02068721322575584,
    0.020951171638444066,
    0.022457356681115925
  ]
}