{
  "overall": {
    "mae_overall": 13.00340461730957,
    "smape_overall": 16.120498657226562,
    "mae_inflow": 12.985282897949219,
    "mae_outflow": 13.021527290344238,
    "smape_inflow": 16.064722061157227,
    "smape_outflow": 16.176267623901367
  },
  "subgroups": {
    "weekend": {
      "count": 85,
      "mae": 10.760148048400879,
      "smape": 14.773681640625
    },
    "weekday": {
      "count": 294,
      "mae": 13.651966094970703,
      "smape": 16.509872436523438
    },
    "regular": {
      "count": 379,
      "mae": 13.00340461730957,
      "smape": 16.120498657226562
    },
    "sunny": {
      "count": 379,
      "mae": 13.00340461730957,
      "smape": 16.120498657226562
    }
  }
}