{
  "train_loss": [
    0.1380482843009437,
    0.04592745360441324,
    0.042967373444660895,
    0.03692686298816669,
    0.03388683873463452,
    0.03710477508422805,
    0.03440248896557141,
    0.03598649562071494,
    0.0320403141734319,
    0.03934857942830256,
    0.03333442181167079,
    0.03075653090467298,
    0.03057435910573335,
    0.030697496638186578,
    0.029295148524811597,
    0.03016717768296963,
    0.027988140584855544,
    0.02964700814487973,
    0.028162974939961744,
    0.027391537509071147,
    0.02886715055844648,
    0.027960829512496305,
    0.027723068462275877,
    0.0253022563742186,
    0.025703942070041244,
    0.02638988837418033,
    0.026464929334758743,
    0.02407518498660103,
    0.025121853800445067,
    0.021474304162268715,
    0.021608899014328067,
    0.020562519213351293,
    0.02164034961866654,
    0.020063078545821393,
    0.020180273263495627,
    0.01946421974618745,
    0.021496229585472162,
    0.02014073823404506,
    0.020288629025766034,
    0.020112286450538207,
    0.020812484556884784,
    0.01948150317752507,
    0.01892328745405364,
    0.01876305123200504,
    0.017861550855563908,
    0.01810368387467735,
    0.017636081521830906,
    0.017863194935205506,
    0.017681906711522158,
    0.01820081264174324,
    0.01736345550999409,
    0.017217055493132856,
    0.017701484141795617,
    0.017137273502483116,
    0.017513968383635933,
    0.017370913677462716,
    0.01749765208914755,
    0.017883120498400393,
    0.017486065739720332,
    0.01719969352782984,
    0.017938387890656788,
    0.018403443757717203,
    0.018227775831048083,
    0.01721178304131438,
    0.016852858347621392,
    0.016511035272927303,
    0.0163037795043452,
    0.016220906151201184,
    0.0165007133339721,
    0.016729766086531365,
    0.016420686466059063,
    0.016155630175963165,
    0.01606436263073266,
    0.015938390356798966,
    0.015722968267292026,
    0.015776774944449828,
    0.015723573604250342
  ],
  "val_loss": [
    0.09339560195803642,
    0.03891664440743625,
    0.0441950069507584,
    0.04367075313348323,
    0.039673852385021746,
    0.04115857265423983,
    0.03318508667871356,
    0.031875201035290956,
    0.056624385295435786,
    0.03395708615425974,
    0.031573363463394344,
    0.042969172121956944,
    0.03312707657460123,
    0.03040415165014565,
    0.030670238193124533,
    0.030042922589927912,
    0.03286693594418466,
    0.027220385731197894,
    0.04488734982442111,
    0.029909441014751792,
    0.030263311113230884,
    0.04205206292681396,
    0.025757068244274706,
    0.03201775683555752,
    0.033088739146478474,
    0.027973948162980378,
    0.03227618255186826,
    0.03056993754580617,
    0.027675893041305244,
    0.026501251151785254,
    0.0235676794545725,
    0.02357739908620715,
    0.026572200586088,
    0.02480303857009858,
    0.022663326584734023,
    0.02179407433141023,
    0.022208634472917765,
    0.024221134604886174,
    0.02238407905679196,
    0.02772949996870011,
    0.022286646941211075,
    0.02503801981220022,
    0.0208466014591977,
    0.021704440587200224,
    0.020353566389530897,
    0.020447519549634308,
    0.019888510403688997,
    0.02042574464576319,
    0.019989890221040696,
    0.019963085011113435,
    0.019929580972529948,
    0.019877637503668666,
    0.020864556136075407,
    0.01979003450833261,
    0.02079186763148755,
    0.01964143867371604,
    0.019445687357801944,
    0.021899964078329504,
    0.021592113829683512,
    0.0207792934961617,
    0.02132999716559425,
    0.020421668654307723,
    0.025468253414146602,
    0.02036504604620859,
    0.019559753593057394,
    0.019550938915926963,
    0.01879411784466356,
    0.01988405000884086,
    0.021263549162540585,
    0.019366283784620464,
    0.019244518014602363,
    0.0199035094701685,
    0.01891249412437901,
    0.018844152975361794,
    0.01957853906787932,
    0.01940903119975701,
    0.019049271300900728
  ]
}