{
  "overall": {
    "mae_overall": 12.866673469543457,
    "smape_overall": 13.98938274383545,
    "mae_inflow": 12.834192276000977,
    "mae_outflow": 12.899150848388672,
    "smape_inflow": 13.926671028137207,
    "smape_outflow": 14.052093505859375
  },
  "subgroups": {
    "weekend": {
      "count": 92,
      "mae": 10.94094467163086,
      "smape": 13.959501266479492
    },
    "weekday": {
      "count": 204,
      "mae": 13.735138893127441,
      "smape": 14.00285816192627
    },
    "holiday": {
      "count": 58,
      "mae": 14.351115226745605,
      "smape": 18.258819580078125
    },
    "regular": {
      "count": 238,
      "mae": 12.50491714477539,
      "smape": 12.948933601379395
    },
    "rainy": {
      "count": 128,
      "mae": 13.472423553466797,
      "smape": 13.215319633483887
    },
    "sunny": {
      "count": 168,
      "mae": 12.405147552490234,
      "smape": 14.579142570495605
    }
  }
}