{
  "train_loss": [
    0.11478465519895828,
    0.04309368085720249,
    0.03436002639952947,
    0.03147677851941537,
    0.02921271452529205,
    0.028979914627868582,
    0.028706884754167217,
    0.029216912159746564,
    0.02733350721364086,
    0.02558849292580743,
    0.025281973636230907,
    0.024792275215322908,
    0.02264346507679973,
    0.02290338130567122,
    0.020848422909054806,
    0.023277120746521128,
    0.021517763801573497,
    0.02003286828639338,
    0.02212469028057279,
    0.02011657109786127,
    0.02095798431341914,
    0.020121247192995774,
    0.020658897292624052,
    0.018560958642361534,
    0.02432246000908718,
    0.020131941079287917,
    0.01894812921464846,
    0.018723874013065488,
    0.02020918557143493,
    0.01806267968227936,
    0.01721469863519274,
    0.016000527466924208,
    0.015906563399963686,
    0.015419087731405287,
    0.015881969492781808,
    0.015781364403665066,
    0.014923264379487248,
    0.01518296795217572,
    0.014848218400132012,
    0.013980558909777854,
    0.014455161101461665,
    0.01429168411178162
  ],
  "val_loss": [
    0.0738064708482278,
    0.03114327214854328,
    0.05350263181485628,
    0.037377667564310525,
    0.03780101876901953,
    0.025585932951224476,
    0.025665862044613613,
    0.029173668719043856,
    0.02350158249273112,
    0.030087396649545746,
    0.02851105721569375,
    0.02109873157582785,
    0.02612166234145039,
    0.02682560799937499,
    0.027161177051694768,
    0.12936747917219213,
    0.024474361274195344,
    0.020999743848254804,
    0.019755754031633075,
    0.022353737958167728,
    0.024613156375524244,
    0.027429719700625067,
    0.023715657084003874,
    0.018524743910682828,
    0.02943121730104873,
    0.021086693398262326,
    0.01997123472392559,
    0.028005454689264297,
    0.029637970716545458,
    0.02155040939779658,
    0.01864018369662134,
    0.016358613771827596,
    0.01661268268760882,
    0.018494536217890288,
    0.01943104326921074,
    0.019821145473734328,
    0.016902942308469823,
    0.01704496512875745,
    0.01707181976617951,
    0.01668584067374468,
    0.022557032000469535,
    0.016384392927743886
  ]
}