{
  "overall": {
    "mae_overall": 11.891240119934082,
    "smape_overall": 16.141033172607422,
    "mae_inflow": 11.867212295532227,
    "mae_outflow": 11.915267944335938,
    "smape_inflow": 16.086063385009766,
    "smape_outflow": 16.195999145507812
  },
  "subgroups": {
    "weekend": {
      "count": 85,
      "mae": 9.942824363708496,
      "smape": 15.603462219238281
    },
    "weekday": {
      "count": 294,
      "mae": 12.454559326171875,
      "smape": 16.29645347595215
    },
    "regular": {
      "count": 379,
      "mae": 11.891240119934082,
      "smape": 16.141033172607422
    },
    "sunny": {
      "count": 379,
      "mae": 11.891240119934082,
      "smape": 16.141033172607422
    }
  }
}