{
  "overall": {
    "mae_overall": 11.780439376831055,
    "smape_overall": 14.407708168029785,
    "mae_inflow": 11.73846435546875,
    "mae_outflow": 11.822417259216309,
    "smape_inflow": 14.312653541564941,
    "smape_outflow": 14.502760887145996
  },
  "subgroups": {
    "weekend": {
      "count": 68,
      "mae": 10.550225257873535,
      "smape": 15.876232147216797
    },
    "weekday": {
      "count": 178,
      "mae": 12.250411987304688,
      "smape": 13.846698760986328
    },
    "regular": {
      "count": 246,
      "mae": 11.780439376831055,
      "smape": 14.407708168029785
    },
    "sunny": {
      "count": 246,
      "mae": 11.780439376831055,
      "smape": 14.407708168029785
    }
  }
}