{
  "overall": {
    "mae_overall": 11.615208625793457,
    "smape_overall": 14.744498252868652,
    "mae_inflow": 11.587169647216797,
    "mae_outflow": 11.64324951171875,
    "smape_inflow": 14.691990852355957,
    "smape_outflow": 14.797004699707031
  },
  "subgroups": {
    "weekend": {
      "count": 85,
      "mae": 9.826383590698242,
      "smape": 14.23656177520752
    },
    "weekday": {
      "count": 294,
      "mae": 12.132387161254883,
      "smape": 14.891348838806152
    },
    "regular": {
      "count": 379,
      "mae": 11.615208625793457,
      "smape": 14.744498252868652
    },
    "sunny": {
      "count": 379,
      "mae": 11.615208625793457,
      "smape": 14.744498252868652
    }
  }
}