{
  "overall": {
    "mae_overall": 12.495563507080078,
    "smape_overall": 13.069440841674805,
    "mae_inflow": 12.46056842803955,
    "mae_outflow": 12.530555725097656,
    "smape_inflow": 13.007959365844727,
    "smape_outflow": 13.130924224853516
  },
  "subgroups": {
    "weekend": {
      "count": 92,
      "mae": 10.632782936096191,
      "smape": 13.276622772216797
    },
    "weekday": {
      "count": 204,
      "mae": 13.335640907287598,
      "smape": 12.976008415222168
    },
    "holiday": {
      "count": 58,
      "mae": 14.782577514648438,
      "smape": 18.082792282104492
    },
    "regular": {
      "count": 238,
      "mae": 11.938224792480469,
      "smape": 11.847702980041504
    },
    "rainy": {
      "count": 128,
      "mae": 12.8276948928833,
      "smape": 12.0814208984375
    },
    "sunny": {
      "count": 168,
      "mae": 12.242511749267578,
      "smape": 13.822219848632812
    }
  }
}