{
  "overall": {
    "mae_overall": 13.067193984985352,
    "smape_overall": 13.194137573242188,
    "mae_inflow": 13.03941535949707,
    "mae_outflow": 13.094969749450684,
    "smape_inflow": 13.143854141235352,
    "smape_outflow": 13.244417190551758
  },
  "subgroups": {
    "weekend": {
      "count": 68,
      "mae": 11.805241584777832,
      "smape": 14.15129280090332
    },
    "weekday": {
      "count": 169,
      "mae": 13.574959754943848,
      "smape": 12.809008598327637
    },
    "regular": {
      "count": 237,
      "mae": 13.067193984985352,
      "smape": 13.194137573242188
    },
    "rainy": {
      "count": 42,
      "mae": 12.194082260131836,
      "smape": 12.312028884887695
    },
    "sunny": {
      "count": 195,
      "mae": 13.2552490234375,
      "smape": 13.384132385253906
    }
  }
}