{
  "train_loss": [
    0.1373258741509359,
    0.04709371381391913,
    0.044952050435467295,
    0.038350831070062465,
    0.03773460230963715,
    0.03769035165403354,
    0.035074338553694344,
    0.03420030870238098,
    0.03802291966848454,
    0.03290892146148924,
    0.034285035505259444,
    0.03566398949883247,
    0.03156427443974604,
    0.03327238894367622,
    0.036335461110002916,
    0.031371462174643906,
    0.03268831268237051,
    0.03345893336049581,
    0.029836022216132133,
    0.030158493068006078,
    0.030466911019915242,
    0.03015966565837547,
    0.029741160839922346,
    0.029500145386209934,
    0.02747619854507305,
    0.02871909600256358,
    0.028983288933917627,
    0.029567213657990855,
    0.026739780420153323,
    0.027230430165526724,
    0.028118668802840224,
    0.026306582014944593,
    0.029932065574862693,
    0.026139570131771647,
    0.026707290292922722,
    0.026357218662624138,
    0.026957053699041323,
    0.02621887490090172,
    0.02512660864109205,
    0.02532654095409533,
    0.025083786160764048,
    0.024999164913039086,
    0.024421010182191758,
    0.024174526878395827,
    0.02567084782393807,
    0.023293450245854712,
    0.021885452263246653,
    0.02097238254559747,
    0.022574796120367818,
    0.020882168950481436,
    0.020762371570187604,
    0.021382541182624587,
    0.020324600307997,
    0.022150685071503206,
    0.021404618168470717,
    0.020297967434182006,
    0.018786060300229463,
    0.018140146698234445,
    0.018714865503864267,
    0.019031691428084495
  ],
  "val_loss": [
    0.04178681820631027,
    0.05557066835463047,
    0.032988303899765016,
    0.035671749462684,
    0.042503670106331506,
    0.03013847762097915,
    0.035776343444983164,
    0.03229976805547873,
    0.03058189501365026,
    0.02953150657316049,
    0.060790012901028,
    0.02947759659339984,
    0.0373120275636514,
    0.027417437421778837,
    0.027164976112544537,
    0.031760423878828686,
    0.030416231229901315,
    0.028736275807023048,
    0.02588570167620977,
    0.027670555810133616,
    0.026617417049904665,
    0.025103240770598254,
    0.02696364335715771,
    0.029015756336351235,
    0.029596230946481228,
    0.03380426230529944,
    0.02678682456413905,
    0.02381100176523129,
    0.04034249149262905,
    0.03116230604549249,
    0.03006063252687454,
    0.022934747176865736,
    0.022523825677732628,
    0.022271928563714027,
    0.025010289748509724,
    0.02632513629893462,
    0.03031710274517536,
    0.024435638512174288,
    0.03353835841019948,
    0.020956192289789517,
    0.038307264198859534,
    0.026124404494961104,
    0.04924400423963864,
    0.02594696202625831,
    0.022503259840110937,
    0.023498538819452127,
    0.021379761087397735,
    0.02187067357202371,
    0.022929629993935427,
    0.01904033838460843,
    0.02154883953432242,
    0.020175013318657876,
    0.029298414662480354,
    0.0225050276145339,
    0.02062260117381811,
    0.02150768625239531,
    0.019252778900166353,
    0.02054588155200084,
    0.019936309879024824,
    0.020081408383945624
  ]
}