{
  "overall": {
    "mae_overall": 11.491066932678223,
    "smape_overall": 15.018567085266113,
    "mae_inflow": 11.461564064025879,
    "mae_outflow": 11.520562171936035,
    "smape_inflow": 14.937387466430664,
    "smape_outflow": 15.099750518798828
  },
  "subgroups": {
    "weekend": {
      "count": 85,
      "mae": 9.572907447814941,
      "smape": 14.836260795593262
    },
    "weekday": {
      "count": 294,
      "mae": 12.04563045501709,
      "smape": 15.071272850036621
    },
    "regular": {
      "count": 379,
      "mae": 11.491066932678223,
      "smape": 15.018567085266113
    },
    "sunny": {
      "count": 379,
      "mae": 11.491066932678223,
      "smape": 15.018567085266113
    }
  }
}