{
  "overall": {
    "mae_overall": 13.045748710632324,
    "smape_overall": 13.393847465515137,
    "mae_inflow": 13.020214080810547,
    "mae_outflow": 13.071285247802734,
    "smape_inflow": 13.351644515991211,
    "smape_outflow": 13.436047554016113
  },
  "subgroups": {
    "weekend": {
      "count": 92,
      "mae": 11.311427116394043,
      "smape": 13.486928939819336
    },
    "weekday": {
      "count": 204,
      "mae": 13.82789421081543,
      "smape": 13.35186767578125
    },
    "holiday": {
      "count": 58,
      "mae": 14.997969627380371,
      "smape": 17.74534034729004
    },
    "regular": {
      "count": 238,
      "mae": 12.569997787475586,
      "smape": 12.33339786529541
    },
    "rainy": {
      "count": 128,
      "mae": 13.578251838684082,
      "smape": 12.599892616271973
    },
    "sunny": {
      "count": 168,
      "mae": 12.640035629272461,
      "smape": 13.998764991760254
    }
  }
}