{
  "overall": {
    "mae_overall": 12.46812915802002,
    "smape_overall": 12.662701606750488,
    "mae_inflow": 12.43093204498291,
    "mae_outflow": 12.505330085754395,
    "smape_inflow": 12.588927268981934,
    "smape_outflow": 12.736481666564941
  },
  "subgroups": {
    "weekend": {
      "count": 68,
      "mae": 11.79906940460205,
      "smape": 14.302149772644043
    },
    "weekday": {
      "count": 169,
      "mae": 12.737339973449707,
      "smape": 12.003043174743652
    },
    "regular": {
      "count": 237,
      "mae": 12.46812915802002,
      "smape": 12.662701606750488
    },
    "rainy": {
      "count": 42,
      "mae": 11.559576034545898,
      "smape": 12.29666805267334
    },
    "sunny": {
      "count": 195,
      "mae": 12.66382122039795,
      "smape": 12.741541862487793
    }
  }
}