{
  "train_loss": [
    0.1366394666455141,
    0.043801888399492436,
    0.035945693348965996,
    0.03572012791485806,
    0.03424792959377533,
    0.033018037086216416,
    0.031095805040341082,
    0.03313305542418143,
    0.03265799286707145,
    0.03038488490491863,
    0.029417225167276413,
    0.029401229573338013,
    0.029507706047800498,
    0.029224095623788793,
    0.031773067556503345,
    0.028724764102721602,
    0.026920319254684254,
    0.02895155162891237,
    0.028243649205783518,
    0.02739704307168722,
    0.026680636106104386,
    0.025803821358254285,
    0.026617015446952687,
    0.026003139721971703,
    0.026503936031727286,
    0.02650514661478318,
    0.026740865365458215,
    0.02477851906806473,
    0.02584374192496383,
    0.022151706475249635,
    0.021692562098728448,
    0.02064451309511574,
    0.02194844358941404,
    0.02074361923415729,
    0.021301700968325624,
    0.019729655781170218,
    0.020533032798609598,
    0.02164350687791177,
    0.02079909820321614,
    0.02075537400153594,
    0.01975132086564128,
    0.022530869103786422,
    0.020359905005046506,
    0.019116317709468728,
    0.02082842889022294,
    0.018715546042393377,
    0.018422117146352928,
    0.017936814152370622,
    0.018150474686872184,
    0.0173345957920561,
    0.01725125229516165,
    0.01770278167100699,
    0.01752970899962555,
    0.01723490290464909,
    0.01727395912829211,
    0.01755835943499474,
    0.017959412967225884,
    0.017086160187495918,
    0.016960710143231278,
    0.01702367777868015,
    0.016837240181621013
  ],
  "val_loss": [
    0.065918845590204,
    0.03676063637249172,
    0.03650153323542327,
    0.036924646236002445,
    0.03939514048397541,
    0.03669963369611651,
    0.03235915652476251,
    0.0401234021410346,
    0.037392060505226254,
    0.03972750063985586,
    0.033947709016501904,
    0.03419305710121989,
    0.02967931830789894,
    0.034134475979954004,
    0.03991599252913147,
    0.03223974583670497,
    0.029338762280531228,
    0.02843107155058533,
    0.03608650900423527,
    0.0306036330293864,
    0.030993733438663185,
    0.05190787953324616,
    0.025927107431925833,
    0.029510114691220224,
    0.02681887336075306,
    0.03749049420002848,
    0.028090187232010067,
    0.02794473001267761,
    0.02783240022836253,
    0.02387366135371849,
    0.02568937954492867,
    0.024126541218720376,
    0.024108966812491417,
    0.022537410666700453,
    0.021298117353580892,
    0.02534709998872131,
    0.024716138956137,
    0.023053522454574704,
    0.021150207554455847,
    0.0226785647100769,
    0.021477412432432175,
    0.022816856333520263,
    0.02500048850197345,
    0.022452018689364195,
    0.02403448277618736,
    0.025806884048506618,
    0.022756351390853524,
    0.02061193680856377,
    0.021669151436071843,
    0.021136957686394453,
    0.01988665183307603,
    0.021196937828790396,
    0.02116324385860935,
    0.02070768241537735,
    0.02212980145122856,
    0.022713884187396616,
    0.021655387885402888,
    0.021261374524328858,
    0.024758448009379208,
    0.022570165223442018,
    0.0218796749250032
  ]
}