{
  "train_loss": [
    0.8428921201976679,
    0.22987401636980348,
    0.08788563860422474,
    0.0646035091288514,
    0.05768942946599702,
    0.051202718831472475,
    0.05117526871420569,
    0.04745750018726971,
    0.04531518369913101,
    0.042046703650789746,
    0.04004409625116041,
    0.039638483849496156,
    0.03825167260306366,
    0.03726308734424538,
    0.0354357595886972,
    0.035217736090012525,
    0.03355225657065541,
    0.033315126326377106,
    0.032787243362074184,
    0.032083811838242965,
    0.03151304025392411,
    0.0309069225312037,
    0.030180084534873395,
    0.03078210767421682,
    0.029324791915083335,
    0.02944441505913007,
    0.02873910837254282,
    0.02926406057519933,
    0.028431522865164077,
    0.027859063550703608,
    0.027982064775364884,
    0.028470801457888998,
    0.027825409814841665,
    0.02646014109348594,
    0.02596215736436642,
    0.02580365301820181,
    0.026200891835457187,
    0.02665426664969931,
    0.02635600685410328,
    0.02423785549541146,
    0.02402741906343628,
    0.024156320879583137,
    0.02516857996361993,
    0.024478672585308045,
    0.023988548895123148,
    0.024045956423663993,
    0.023033346625644775,
    0.021985424745638492,
    0.021651998762104472,
    0.021866348816744857,
    0.021800146998553458,
    0.020981748280573195,
    0.02048501999006938,
    0.02154409943811469,
    0.01990993558508107,
    0.01973227552785459,
    0.019480731480328712,
    0.019739767157677876,
    0.019160604128077373,
    0.019365014729358383,
    0.018695422061482222,
    0.019469010738371793,
    0.0182814965087731,
    0.01847552475756255,
    0.018085016198140586,
    0.017658990594732055,
    0.017563552335220372,
    0.017896881319140478,
    0.01789605379167755,
    0.017597338184714317,
    0.017539836568915744,
    0.017117086119192132,
    0.017253123586839537,
    0.016934895572268356,
    0.016901956602804743
  ],
  "val_loss": [
    0.45432315667470297,
    0.1175403987367948,
    0.0702241450548172,
    0.05864939664800962,
    0.04927882080276807,
    0.05317452996969223,
    0.05009761576851209,
    0.042438905934492746,
    0.03962785253922144,
    0.039250848318139714,
    0.04135648496448994,
    0.03812996658186118,
    0.04201013222336769,
    0.03388620639840762,
    0.033381444339950876,
    0.031008277088403702,
    0.030197806904713312,
    0.031087777018547057,
    0.03568458134929339,
    0.029203835998972257,
    0.02814506124705076,
    0.029009510080019632,
    0.028780292098720867,
    0.027674772714575132,
    0.028941226874788603,
    0.02579292772958676,
    0.027522418275475503,
    0.030405583480993908,
    0.025190939319630463,
    0.025828895221153895,
    0.026616226757566135,
    0.025663586209217708,
    0.026986839746435485,
    0.02324697965135177,
    0.027380538855989775,
    0.02352018505334854,
    0.029420046818753084,
    0.02407923142115275,
    0.022946158548196156,
    0.024241187050938605,
    0.021954909712076188,
    0.03623046564559142,
    0.025427860704561076,
    0.023346504382789134,
    0.031681571652491886,
    0.02418825707087914,
    0.026985966476301353,
    0.021801706030964853,
    0.024923934911688168,
    0.02380417808890343,
    0.02190007281800111,
    0.02203853881607453,
    0.02203339667369922,
    0.02194470235457023,
    0.022159837496777374,
    0.020967765959600607,
    0.021185662721594174,
    0.021301898484428722,
    0.0249477361018459,
    0.02113765912751357,
    0.021334883384406568,
    0.021567973618706066,
    0.020911005387703577,
    0.020900369932254154,
    0.019571206780771414,
    0.02000988641132911,
    0.019778870046138763,
    0.01983895425995191,
    0.020535477933784328,
    0.020597815389434497,
    0.020784266106784344,
    0.020531592642267546,
    0.020242286349336305,
    0.0203315827374657,
    0.02049813581009706
  ]
}