{
  "train_loss": [
    0.179654299909991,
    0.04419369345939741,
    0.04615195377207384,
    0.03855389374785307,
    0.03667920320559808,
    0.036992633700128494,
    0.035220723311469804,
    0.03624315054072597,
    0.0327086747904134,
    0.03401040084417758,
    0.03238247534850749,
    0.031920699993284736,
    0.0292380647052352,
    0.031007142495212515,
    0.03156934474117872,
    0.029427066066764235,
    0.028005837924717888,
    0.02761758694319221,
    0.026520504472338086,
    0.024766506263759078,
    0.024940866416668504,
    0.024941307863568872
  ],
  "val_loss": [
    0.06189622334204614,
    0.04276281944476068,
    0.0480298389447853,
    0.03970788756851107,
    0.04363035864662379,
    0.06157175055705011,
    0.032999393763020635,
    0.06129365926608443,
    0.03449641552288085,
    0.0380969715770334,
    0.05679694074206054,
    0.030796878621913493,
    0.03130073519423604,
    0.04847349098417908,
    0.040107821580022573,
    0.03926927340216935,
    0.03490399126894772,
    0.0502355401404202,
    0.06694804993458092,
    0.03696943772956729,
    0.05640496069099754,
    0.08726381463930011
  ]
}