{
  "overall": {
    "mae_overall": 15.366362571716309,
    "smape_overall": 19.333494186401367,
    "mae_inflow": 15.340489387512207,
    "mae_outflow": 15.392233848571777,
    "smape_inflow": 19.2690372467041,
    "smape_outflow": 19.39795684814453
  },
  "subgroups": {
    "weekend": {
      "count": 68,
      "mae": 15.170645713806152,
      "smape": 24.807262420654297
    },
    "weekday": {
      "count": 178,
      "mae": 15.441130638122559,
      "smape": 17.242393493652344
    },
    "regular": {
      "count": 246,
      "mae": 15.366362571716309,
      "smape": 19.333494186401367
    },
    "sunny": {
      "count": 246,
      "mae": 15.366362571716309,
      "smape": 19.333494186401367
    }
  }
}