{
  "train_loss": [
    0.13429587045154437,
    0.04493814219183069,
    0.04123431512313645,
    0.03640535278472959,
    0.03573203018707473,
    0.033721072341853044,
    0.035753104790318305,
    0.033037434233640264,
    0.03233969152518889,
    0.033652337540577094,
    0.03131325965429225,
    0.02937865111886001,
    0.029697549703523396,
    0.03135177574870063,
    0.03110499481662987,
    0.030254137164693537,
    0.027853134292654874,
    0.028287922160896827,
    0.028398270302308286,
    0.02810097317688349,
    0.027555307358261047,
    0.02609792318407113,
    0.029335192230537654,
    0.029433257559814106,
    0.02609648507058136,
    0.026726893989778146,
    0.02792235271535753,
    0.024834046806625234,
    0.02674919448611213,
    0.024480077021611417,
    0.025355767928124443,
    0.02430371476746187,
    0.02482272115180163,
    0.02569270911588659,
    0.02490604149435109,
    0.025015391121671452,
    0.026743005310011104,
    0.024377782821534126,
    0.024781820038712123,
    0.023748566661544932,
    0.02212146332684329,
    0.022970499894846747,
    0.025444173428222416,
    0.02214803742017688,
    0.02369063736007708,
    0.020273005763992547,
    0.019728044683976872,
    0.019968172065853104,
    0.019038670416164204,
    0.020276478734018843,
    0.020104081029208694,
    0.0198693168993161,
    0.018521373054179235,
    0.01761297830872662,
    0.018066188010076683,
    0.01830462355742125,
    0.017816512277576982,
    0.018571098486521866,
    0.018300665179040373,
    0.017562207834022802,
    0.018035767327358083,
    0.017984539247685817,
    0.01740314800867705,
    0.017496663395587992,
    0.017435229035109523,
    0.0174853441237313,
    0.017175420263130976,
    0.01672074657569571,
    0.016662389092995385,
    0.01650534209045695,
    0.01653945767812855
  ],
  "val_loss": [
    0.04828911111690104,
    0.05858046549838036,
    0.04304147185757756,
    0.06240435317158699,
    0.03777716390322894,
    0.03527466161176562,
    0.03555410879198462,
    0.041843059472739697,
    0.038275633938610554,
    0.03716468287166208,
    0.03445005719549954,
    0.032055103103630245,
    0.03341155149973929,
    0.03204058250412345,
    0.03530202549882233,
    0.03052516997558996,
    0.028481747023761272,
    0.03453095501754433,
    0.033236113376915455,
    0.03103879396803677,
    0.030946105369366705,
    0.027372380311135203,
    0.031893169856630266,
    0.025303873349912465,
    0.030756279593333602,
    0.03782022697851062,
    0.04510162828955799,
    0.027424316969700158,
    0.02497717272490263,
    0.026816975325345993,
    0.02741211885586381,
    0.02537996438331902,
    0.02460232679732144,
    0.030497645726427436,
    0.03211916342843324,
    0.04037394002079964,
    0.03677957074251026,
    0.026027623331174254,
    0.02328939107246697,
    0.027146239764988422,
    0.052929189638234675,
    0.02937688201200217,
    0.02546501357574016,
    0.03202891373075545,
    0.031744378386065364,
    0.02285696705803275,
    0.023974581563379616,
    0.027322685229592025,
    0.023030455922707915,
    0.02541908307466656,
    0.023846082971431315,
    0.02575598261319101,
    0.021893245342653245,
    0.02249269949970767,
    0.02148750948254019,
    0.02424482471542433,
    0.023652701871469617,
    0.024045287922490388,
    0.020612895430531353,
    0.02211264194920659,
    0.02022289391607046,
    0.0210742941708304,
    0.020548260887153447,
    0.022782898508012295,
    0.02114858984714374,
    0.022149701544549316,
    0.021371376409661025,
    0.02063392411218956,
    0.020397710264660418,
    0.020726113114506006,
    0.020520218298770487
  ]
}