{
  "train_loss": [
    0.6562011302621277,
    0.10882147442963389,
    0.06867953750585752,
    0.05924863695467591,
    0.05446687474767998,
    0.05172450371362545,
    0.04709699568609712,
    0.045156685832552806,
    0.043229854069453066,
    0.040912267096616606,
    0.039697005625360854,
    0.0386023983438179,
    0.03718191079755939,
    0.036449129747414086,
    0.03600227237536163,
    0.03579379536369175,
    0.03523335813805855,
    0.034728242271634006,
    0.03527658756960322,
    0.03297174755464155,
    0.03333264654354444,
    0.032012377466474264,
    0.03147386011504938,
    0.03135718899488291,
    0.032370911083287664,
    0.032496455199425185,
    0.030237958111144877,
    0.030453986128565494,
    0.029141796289613008,
    0.028306579468623985,
    0.028398906925407353,
    0.02818716006481616,
    0.027849009950403816,
    0.02743371333138495,
    0.026971486096501983,
    0.027012752285276456,
    0.02686507916620011,
    0.026639048123446408,
    0.027167232051767683,
    0.02636920613921666,
    0.026153449826533833,
    0.025698549877950755,
    0.0256655340196279,
    0.026202011271995843,
    0.025436880535115957,
    0.024644327591414803,
    0.025256588414469094,
    0.025395811224977177,
    0.024197718256680423,
    0.023688218236048386,
    0.02342703565955162,
    0.023623175579049284,
    0.0233698242132074,
    0.02309639731215106,
    0.024553177548109224,
    0.022441898053758357,
    0.022415949268236993,
    0.022410538451617987,
    0.02235386086006959
  ],
  "val_loss": [
    0.1868569472183784,
    0.07829537506525715,
    0.057994030260791384,
    0.051422869243348636,
    0.051900551887229085,
    0.0459064239791284,
    0.04355515205922226,
    0.04254639040057858,
    0.03955500774706403,
    0.07358776669328411,
    0.03497183004704615,
    0.03771605575457215,
    0.032167675361658134,
    0.031217583144704502,
    0.03066613486347099,
    0.0297533367605259,
    0.02851619105786085,
    0.02884688531048596,
    0.02775946616505583,
    0.027033843643342454,
    0.03371072777857383,
    0.030462687679876883,
    0.02464203683969875,
    0.036021906261642776,
    0.026104382472112775,
    0.027183268452063203,
    0.060676868384083114,
    0.025758603083280224,
    0.041484346613287926,
    0.023593364749103785,
    0.02222045313101262,
    0.026707397347005706,
    0.022456566453911364,
    0.021548617670002084,
    0.02225827701234569,
    0.022743597626686096,
    0.025405905907973647,
    0.027150589507073164,
    0.02150837021569411,
    0.024228506876776617,
    0.025935902415464323,
    0.020504506149639685,
    0.021840008286138374,
    0.02304285508580506,
    0.021395093062892556,
    0.026844466803595424,
    0.02158058702480048,
    0.02503610759352644,
    0.019250174363454182,
    0.020984777559836704,
    0.020508697140030563,
    0.022332727288206417,
    0.020525491524798174,
    0.020691202604211867,
    0.026582826239367325,
    0.020522003915781777,
    0.021694986304889124,
    0.020569263646999996,
    0.02048363183469822
  ]
}