{
  "train_loss": [
    0.14976760519321186,
    0.046607672189504415,
    0.03947736029276403,
    0.038741359029407216,
    0.03713820251178438,
    0.0372984738925756,
    0.036594681425998775,
    0.034696135906723595,
    0.03306258678183717,
    0.031553438912003726,
    0.030797706380233925,
    0.03229227771003872,
    0.030696228304404324,
    0.03089945431861837,
    0.031391787027024616,
    0.028917240768165913,
    0.029250522933395234,
    0.028814725664649474,
    0.030335276940111386,
    0.028938100120778812,
    0.029898491167163446,
    0.030569809425811646,
    0.02854753213034848,
    0.028308223206865584,
    0.0292942125855361,
    0.02908275252744808,
    0.025232666306260785,
    0.024684594533706115,
    0.024088197443002866,
    0.02408585871048903,
    0.023516407181208922,
    0.02403749769427261,
    0.02410897446827868,
    0.023207127613852085,
    0.023871082686266656,
    0.02324568590749118,
    0.023456671583008463,
    0.023882097217364836,
    0.022668922256867764,
    0.02297208904904329,
    0.021344208987271886,
    0.020552462085260677,
    0.02109672893154419,
    0.020651840612734274,
    0.021017168877425337,
    0.020793471982607902,
    0.019879858585674377,
    0.019513867748111993,
    0.019030629759812255,
    0.018777381628751755,
    0.01943862434255622
  ],
  "val_loss": [
    0.04563115711013476,
    0.03496443219482899,
    0.039359764816860356,
    0.03139924630522728,
    0.037104006732503574,
    0.03933443812032541,
    0.028745970999201138,
    0.0379316537330548,
    0.03256763480603695,
    0.02740640565752983,
    0.03418065073589484,
    0.0271907198553284,
    0.026053491917749246,
    0.037775825895369056,
    0.02887662382175525,
    0.026837463428576788,
    0.027117405955990156,
    0.031156147892276446,
    0.024797911817828814,
    0.024380385875701904,
    0.02733051044245561,
    0.02751171054939429,
    0.028272886636356513,
    0.02513662582884232,
    0.02689460025479396,
    0.025630053008596103,
    0.022507968607048193,
    0.024342060772081217,
    0.02312734934190909,
    0.02312703604499499,
    0.024488949651519456,
    0.021024900550643603,
    0.028530321642756463,
    0.020317977604766686,
    0.025535376618305843,
    0.02321186028420925,
    0.02117164122561614,
    0.02511505236228307,
    0.02435101941227913,
    0.025363404800494514,
    0.02022222646822532,
    0.02116524943461021,
    0.021082942249874274,
    0.024482558605571587,
    0.022241588061054546,
    0.021749237179756166,
    0.026817606016993522,
    0.02284204897781213,
    0.022233861374358337,
    0.020691388597091038,
    0.02032339877138535
  ]
}